<metadata xml:lang="en"><Esri><CreaDate>20220807</CreaDate><CreaTime>10172000</CreaTime><ArcGISFormat>1.0</ArcGISFormat><SyncOnce>FALSE</SyncOnce><DataProperties><itemProps><itemName Sync="TRUE">ESCCRP_PODS_CLIP_231012</itemName><imsContentType Sync="TRUE">002</imsContentType><itemLocation><linkage Sync="TRUE">file://\\WBI_5\C$\Users\melissa\OneDrive - Whitebark Institute of Interdisciplinary Environmental Sciences\GIS_ESCCRP\Data\Processed\Shapefiles\Implementation Map 231012\231012_ESCCRP_PODS_CLIP\ESCCRP_PODS_CLIP_231012.shp</linkage><protocol Sync="TRUE">Local Area Network</protocol></itemLocation><itemSize Sync="TRUE">0.000</itemSize></itemProps><coordRef><type Sync="TRUE">Projected</type><geogcsn Sync="TRUE">GCS_North_American_1983</geogcsn><csUnits Sync="TRUE">Linear Unit: Meter (1.000000)</csUnits><peXml Sync="TRUE">&lt;ProjectedCoordinateSystem xsi:type='typens:ProjectedCoordinateSystem' xmlns:xsi='http://www.w3.org/2001/XMLSchema-instance' xmlns:xs='http://www.w3.org/2001/XMLSchema' xmlns:typens='http://www.esri.com/schemas/ArcGIS/3.1.0'&gt;&lt;WKT&gt;PROJCS[&amp;quot;NAD_1983_UTM_Zone_11N&amp;quot;,GEOGCS[&amp;quot;GCS_North_American_1983&amp;quot;,DATUM[&amp;quot;D_North_American_1983&amp;quot;,SPHEROID[&amp;quot;GRS_1980&amp;quot;,6378137.0,298.257222101]],PRIMEM[&amp;quot;Greenwich&amp;quot;,0.0],UNIT[&amp;quot;Degree&amp;quot;,0.0174532925199433]],PROJECTION[&amp;quot;Transverse_Mercator&amp;quot;],PARAMETER[&amp;quot;False_Easting&amp;quot;,500000.0],PARAMETER[&amp;quot;False_Northing&amp;quot;,0.0],PARAMETER[&amp;quot;Central_Meridian&amp;quot;,-117.0],PARAMETER[&amp;quot;Scale_Factor&amp;quot;,0.9996],PARAMETER[&amp;quot;Latitude_Of_Origin&amp;quot;,0.0],UNIT[&amp;quot;Meter&amp;quot;,1.0],AUTHORITY[&amp;quot;EPSG&amp;quot;,26911]]&lt;/WKT&gt;&lt;XOrigin&gt;-5120900&lt;/XOrigin&gt;&lt;YOrigin&gt;-9998100&lt;/YOrigin&gt;&lt;XYScale&gt;450445547.3910538&lt;/XYScale&gt;&lt;ZOrigin&gt;-100000&lt;/ZOrigin&gt;&lt;ZScale&gt;10000&lt;/ZScale&gt;&lt;MOrigin&gt;-100000&lt;/MOrigin&gt;&lt;MScale&gt;10000&lt;/MScale&gt;&lt;XYTolerance&gt;0.001&lt;/XYTolerance&gt;&lt;ZTolerance&gt;0.001&lt;/ZTolerance&gt;&lt;MTolerance&gt;0.001&lt;/MTolerance&gt;&lt;HighPrecision&gt;true&lt;/HighPrecision&gt;&lt;WKID&gt;26911&lt;/WKID&gt;&lt;LatestWKID&gt;26911&lt;/LatestWKID&gt;&lt;/ProjectedCoordinateSystem&gt;</peXml><projcsn Sync="TRUE">NAD_1983_UTM_Zone_11N</projcsn></coordRef><lineage><Process ToolSource="c:\program files (x86)\arcgis\desktop10.8\ArcToolbox\Toolboxes\Conversion Tools.tbx\FeatureClassToFeatureClass" Date="20220806" Time="150858">FeatureClassToFeatureClass C:\Users\Krustykrab\Downloads\CAINF_080222_SHRT1_UnitPolygon_Degrees\CAINF_080222_SHRT1_UnitPolygon_Degrees.shp C:\Users\Krustykrab\Documents\ArcGIS\Default.gdb PODs22_SHRT # "LABEL "LABEL" true true false 20 Text 0 0 ,First,#,C:\Users\Krustykrab\Downloads\CAINF_080222_SHRT1_UnitPolygon_Degrees\CAINF_080222_SHRT1_UnitPolygon_Degrees.shp,LABEL,-1,-1;UNIT_ID "UNIT_ID" true true false 6 Text 0 0 ,First,#,C:\Users\Krustykrab\Downloads\CAINF_080222_SHRT1_UnitPolygon_Degrees\CAINF_080222_SHRT1_UnitPolygon_Degrees.shp,UNIT_ID,-1,-1;GIS_ID "GIS_ID" true true false 9 Long 0 9 ,First,#,C:\Users\Krustykrab\Downloads\CAINF_080222_SHRT1_UnitPolygon_Degrees\CAINF_080222_SHRT1_UnitPolygon_Degrees.shp,GIS_ID,-1,-1;DATE_CREAT "DATE_CREAT" true true false 8 Date 0 0 ,First,#,C:\Users\Krustykrab\Downloads\CAINF_080222_SHRT1_UnitPolygon_Degrees\CAINF_080222_SHRT1_UnitPolygon_Degrees.shp,DATE_CREAT,-1,-1;CATEGORY "CATEGORY" true true false 20 Text 0 0 ,First,#,C:\Users\Krustykrab\Downloads\CAINF_080222_SHRT1_UnitPolygon_Degrees\CAINF_080222_SHRT1_UnitPolygon_Degrees.shp,CATEGORY,-1,-1;USER_NAME "USER_NAME" true true false 32 Text 0 0 ,First,#,C:\Users\Krustykrab\Downloads\CAINF_080222_SHRT1_UnitPolygon_Degrees\CAINF_080222_SHRT1_UnitPolygon_Degrees.shp,USER_NAME,-1,-1;DESCR "DESCR" true true false 128 Text 0 0 ,First,#,C:\Users\Krustykrab\Downloads\CAINF_080222_SHRT1_UnitPolygon_Degrees\CAINF_080222_SHRT1_UnitPolygon_Degrees.shp,DESCR,-1,-1;VALUES_IND "VALUES_IND" true true false 5 Long 0 5 ,First,#,C:\Users\Krustykrab\Downloads\CAINF_080222_SHRT1_UnitPolygon_Degrees\CAINF_080222_SHRT1_UnitPolygon_Degrees.shp,VALUES_IND,-1,-1;SOURCE "SOURCE" true true false 254 Text 0 0 ,First,#,C:\Users\Krustykrab\Downloads\CAINF_080222_SHRT1_UnitPolygon_Degrees\CAINF_080222_SHRT1_UnitPolygon_Degrees.shp,SOURCE,-1,-1;GIS_ACRES "GIS_ACRES" true true false 33 Double 31 32 ,First,#,C:\Users\Krustykrab\Downloads\CAINF_080222_SHRT1_UnitPolygon_Degrees\CAINF_080222_SHRT1_UnitPolygon_Degrees.shp,GIS_ACRES,-1,-1" #</Process><Process ToolSource="c:\program files (x86)\arcgis\desktop10.8\ArcToolbox\Toolboxes\Data Management Tools.tbx\RepairGeometry" Date="20220807" Time="112201">RepairGeometry PODs22_Export_Output_3 DELETE_NULL</Process><Process ToolSource="c:\program files (x86)\arcgis\desktop10.8\ArcToolbox\Toolboxes\Data Management Tools.tbx\RepairGeometry" Date="20220807" Time="121308">RepairGeometry PODs22_Export_Output_3 DELETE_NULL</Process><Process ToolSource="c:\program files (x86)\arcgis\desktop10.8\ArcToolbox\Toolboxes\Data Management Tools.tbx\RepairGeometry" Date="20220807" Time="152858">RepairGeometry C:\Users\Krustykrab\Documents\ArcGIS\Default.gdb\PODs22_Export_Output_3 DELETE_NULL</Process><Process ToolSource="c:\program files (x86)\arcgis\desktop10.8\ArcToolbox\Toolboxes\Data Management Tools.tbx\RepairGeometry" Date="20220808" Time="093932">RepairGeometry PODs22_Export_Output_3 DELETE_NULL</Process><Process ToolSource="c:\program files (x86)\arcgis\desktop10.8\ArcToolbox\Toolboxes\Data Management Tools.tbx\RepairGeometry" Date="20220815" Time="063452">RepairGeometry PODs22_Export_Output_3 DELETE_NULL</Process><Process ToolSource="c:\program files (x86)\arcgis\desktop10.8\ArcToolbox\Toolboxes\Data Management Tools.tbx\RepairGeometry" Date="20220901" Time="142649">RepairGeometry PODs22_Export_Output_3 DELETE_NULL</Process><Process ToolSource="c:\program files (x86)\arcgis\desktop10.8\ArcToolbox\Toolboxes\Data Management Tools.tbx\RepairGeometry" Date="20220904" Time="184845">RepairGeometry PODs22_Export_Output_3 DELETE_NULL</Process><Process ToolSource="c:\program files (x86)\arcgis\desktop10.8\ArcToolbox\Toolboxes\Data Management Tools.tbx\RepairGeometry" Date="20220904" Time="192516">RepairGeometry PODs22_Export_Output_3 DELETE_NULL</Process><Process ToolSource="c:\program files (x86)\arcgis\desktop10.8\ArcToolbox\Toolboxes\Data Management Tools.tbx\RepairGeometry" Date="20220904" Time="192532">RepairGeometry PODs22_Export_Output_3 DELETE_NULL</Process><Process ToolSource="c:\program files (x86)\arcgis\desktop10.8\ArcToolbox\Toolboxes\Data Management Tools.tbx\RepairGeometry" Date="20220904" Time="194611">RepairGeometry PODs22_Export_Output_3 DELETE_NULL</Process><Process ToolSource="c:\program files (x86)\arcgis\desktop10.8\ArcToolbox\Toolboxes\Data Management Tools.tbx\RepairGeometry" Date="20220911" Time="161736">RepairGeometry PODs22_Export_Output_3 DELETE_NULL</Process><Process ToolSource="c:\program files (x86)\arcgis\desktop10.8\ArcToolbox\Toolboxes\Data Management Tools.tbx\RepairGeometry" Date="20220919" Time="151037">RepairGeometry PODs22_Export_Output_3 DELETE_NULL</Process><Process ToolSource="c:\program files (x86)\arcgis\desktop10.8\ArcToolbox\Toolboxes\Data Management Tools.tbx\RepairGeometry" Date="20220928" Time="173149">RepairGeometry PODs22_Export_Output_3 DELETE_NULL</Process><Process ToolSource="c:\program files (x86)\arcgis\desktop10.8\ArcToolbox\Toolboxes\Data Management Tools.tbx\RepairGeometry" Date="20221224" Time="094445">RepairGeometry PODs22_Export_Output_3 DELETE_NULL</Process><Process ToolSource="c:\program files (x86)\arcgis\desktop10.8\ArcToolbox\Toolboxes\Data Management Tools.tbx\RepairGeometry" Date="20230129" Time="204324">RepairGeometry PODs22_Export_Output_3 DELETE_NULL</Process><Process ToolSource="c:\program files (x86)\arcgis\desktop10.8\ArcToolbox\Toolboxes\Data Management Tools.tbx\RepairGeometry" Date="20230212" Time="100852">RepairGeometry PODs22_Export_Output_3 DELETE_NULL</Process><Process ToolSource="c:\program files (x86)\arcgis\desktop10.8\ArcToolbox\Toolboxes\Data Management Tools.tbx\RepairGeometry" Date="20230212" Time="221616">RepairGeometry PODs22_Export_Output_3 DELETE_NULL</Process><Process ToolSource="c:\program files (x86)\arcgis\desktop10.8\ArcToolbox\Toolboxes\Data Management Tools.tbx\RepairGeometry" Date="20230212" Time="221749">RepairGeometry PODs22_Export_Output_3 DELETE_NULL</Process><Process ToolSource="c:\program files (x86)\arcgis\desktop10.8\ArcToolbox\Toolboxes\Data Management Tools.tbx\CopyFeatures" Date="20230214" Time="073936">CopyFeatures PODs22_Export_Output_3 C:\Users\Krustykrab\Documents\ArcGIS\Projects\22_PODs\Data\PODs22_Shapes\PODs22_Export_Output_3_3.shp # 0 0 0</Process><Process ToolSource="c:\program files\arcgis\pro\Resources\ArcToolbox\toolboxes\Analysis Tools.tbx\Clip" Date="20231012" Time="122946">Clip PODs23_021323 ESCCRP_boundary_ALL_230630 "C:\Users\melissa\OneDrive - Whitebark Institute of Interdisciplinary Environmental Sciences\GIS_ESCCRP\Data\Project geodatabase\Implementation_Map_2301012.gdb\ESCCRP_PODS_CLIP_231012" #</Process><Process ToolSource="c:\program files\arcgis\pro\Resources\ArcToolbox\toolboxes\Conversion Tools.tbx\ExportFeatures" Date="20231012" Time="123732">ExportFeatures "C:\Users\melissa\OneDrive - Whitebark Institute of Interdisciplinary Environmental Sciences\GIS_ESCCRP\Data\Project geodatabase\Implementation_Map_2301012.gdb\ESCCRP_PODS_CLIP_231012" "C:\Users\melissa\OneDrive - Whitebark Institute of Interdisciplinary Environmental Sciences\GIS_ESCCRP\Data\Processed\Shapefiles\Implementation Map 231012\231012_ESCCRP_PODS_CLIP\ESCCRP_PODS_CLIP_231012.shp" # NOT_USE_ALIAS "FACTS_ID "FACTS_ID" true true false 10 Text 0 0,First,#,C:\Users\melissa\OneDrive - Whitebark Institute of Interdisciplinary Environmental Sciences\GIS_ESCCRP\Data\Project geodatabase\Implementation_Map_2301012.gdb\ESCCRP_PODS_CLIP_231012,FACTS_ID,0,10;POD_Name "POD_Name" true true false 25 Text 0 0,First,#,C:\Users\melissa\OneDrive - Whitebark Institute of Interdisciplinary Environmental Sciences\GIS_ESCCRP\Data\Project geodatabase\Implementation_Map_2301012.gdb\ESCCRP_PODS_CLIP_231012,POD_Name,0,25;Acres "Acres" true true false 8 Double 0 0,First,#,C:\Users\melissa\OneDrive - Whitebark Institute of Interdisciplinary Environmental Sciences\GIS_ESCCRP\Data\Project geodatabase\Implementation_Map_2301012.gdb\ESCCRP_PODS_CLIP_231012,Acres,-1,-1;Priority "Priority" true true false 8 Text 0 0,First,#,C:\Users\melissa\OneDrive - Whitebark Institute of Interdisciplinary Environmental Sciences\GIS_ESCCRP\Data\Project geodatabase\Implementation_Map_2301012.gdb\ESCCRP_PODS_CLIP_231012,Priority,0,8;RAWS_ERC "RAWS_ERC" true true false 25 Text 0 0,First,#,C:\Users\melissa\OneDrive - Whitebark Institute of Interdisciplinary Environmental Sciences\GIS_ESCCRP\Data\Project geodatabase\Implementation_Map_2301012.gdb\ESCCRP_PODS_CLIP_231012,RAWS_ERC,0,25;RAWS_Wind "RAWS_Wind" true true false 25 Text 0 0,First,#,C:\Users\melissa\OneDrive - Whitebark Institute of Interdisciplinary Environmental Sciences\GIS_ESCCRP\Data\Project geodatabase\Implementation_Map_2301012.gdb\ESCCRP_PODS_CLIP_231012,RAWS_Wind,0,25;District "District" true true false 8 Text 0 0,First,#,C:\Users\melissa\OneDrive - Whitebark Institute of Interdisciplinary Environmental Sciences\GIS_ESCCRP\Data\Project geodatabase\Implementation_Map_2301012.gdb\ESCCRP_PODS_CLIP_231012,District,0,8;POD_Number "POD_Number" true true false 10 Text 0 0,First,#,C:\Users\melissa\OneDrive - Whitebark Institute of Interdisciplinary Environmental Sciences\GIS_ESCCRP\Data\Project geodatabase\Implementation_Map_2301012.gdb\ESCCRP_PODS_CLIP_231012,POD_Number,0,10;Shape_Leng "Shape_Leng" true true false 8 Double 0 0,First,#,C:\Users\melissa\OneDrive - Whitebark Institute of Interdisciplinary Environmental Sciences\GIS_ESCCRP\Data\Project geodatabase\Implementation_Map_2301012.gdb\ESCCRP_PODS_CLIP_231012,Shape_Leng,-1,-1;Prescripti "Prescripti" true true false 15 Text 0 0,First,#,C:\Users\melissa\OneDrive - Whitebark Institute of Interdisciplinary Environmental Sciences\GIS_ESCCRP\Data\Project geodatabase\Implementation_Map_2301012.gdb\ESCCRP_PODS_CLIP_231012,Prescripti,0,15;Notes "Notes" true true false 50 Text 0 0,First,#,C:\Users\melissa\OneDrive - Whitebark Institute of Interdisciplinary Environmental Sciences\GIS_ESCCRP\Data\Project geodatabase\Implementation_Map_2301012.gdb\ESCCRP_PODS_CLIP_231012,Notes,0,50;Shape_Length "Shape_Length" false true true 8 Double 0 0,First,#,C:\Users\melissa\OneDrive - Whitebark Institute of Interdisciplinary Environmental Sciences\GIS_ESCCRP\Data\Project geodatabase\Implementation_Map_2301012.gdb\ESCCRP_PODS_CLIP_231012,Shape_Length,-1,-1;Shape_Area "Shape_Area" false true true 8 Double 0 0,First,#,C:\Users\melissa\OneDrive - Whitebark Institute of Interdisciplinary Environmental Sciences\GIS_ESCCRP\Data\Project geodatabase\Implementation_Map_2301012.gdb\ESCCRP_PODS_CLIP_231012,Shape_Area,-1,-1" #</Process></lineage></DataProperties><SyncDate>20231012</SyncDate><SyncTime>12373200</SyncTime><ModDate>20231012</ModDate><ModTime>12373200</ModTime></Esri><dataIdInfo><envirDesc Sync="TRUE">Microsoft Windows 10 Version 10.0 (Build 22621) ; Esri ArcGIS 13.1.0.41833</envirDesc><dataLang><languageCode value="eng" Sync="TRUE"></languageCode><countryCode value="USA" Sync="TRUE"></countryCode></dataLang><idCitation><resTitle Sync="TRUE">ESCCRP_PODS_CLIP_231012</resTitle><presForm><PresFormCd value="005" Sync="TRUE"></PresFormCd></presForm></idCitation><spatRpType><SpatRepTypCd value="001" Sync="TRUE"></SpatRepTypCd></spatRpType></dataIdInfo><mdLang><languageCode value="eng" Sync="TRUE"></languageCode><countryCode value="USA" Sync="TRUE"></countryCode></mdLang><distInfo><distFormat><formatName Sync="TRUE">Shapefile</formatName></distFormat><distTranOps><transSize Sync="TRUE">0.000</transSize></distTranOps></distInfo><mdHrLv><ScopeCd value="005" Sync="TRUE"></ScopeCd></mdHrLv><mdHrLvName Sync="TRUE">dataset</mdHrLvName><refSysInfo><RefSystem><refSysID><identCode code="26911" Sync="TRUE"></identCode><idCodeSpace Sync="TRUE">EPSG</idCodeSpace><idVersion Sync="TRUE">6.11(3.0.1)</idVersion></refSysID></RefSystem></refSysInfo><spatRepInfo><VectSpatRep><geometObjs Name="ESCCRP_PODS_CLIP_231012"><geoObjTyp><GeoObjTypCd value="002" Sync="TRUE"></GeoObjTypCd></geoObjTyp><geoObjCnt Sync="TRUE">0</geoObjCnt></geometObjs><topLvl><TopoLevCd value="001" Sync="TRUE"></TopoLevCd></topLvl></VectSpatRep></spatRepInfo><spdoinfo><ptvctinf><esriterm Name="ESCCRP_PODS_CLIP_231012"><efeatyp Sync="TRUE">Simple</efeatyp><efeageom code="4" Sync="TRUE"></efeageom><esritopo Sync="TRUE">FALSE</esritopo><efeacnt Sync="TRUE">0</efeacnt><spindex Sync="TRUE">FALSE</spindex><linrefer Sync="TRUE">TRUE</linrefer></esriterm></ptvctinf></spdoinfo><eainfo><detailed Name="ESCCRP_PODS_CLIP_231012"><enttyp><enttypl Sync="TRUE">ESCCRP_PODS_CLIP_231012</enttypl><enttypt Sync="TRUE">Feature Class</enttypt><enttypc Sync="TRUE">0</enttypc></enttyp><attr><attrlabl Sync="TRUE">FID</attrlabl><attalias Sync="TRUE">FID</attalias><attrtype Sync="TRUE">OID</attrtype><attwidth Sync="TRUE">4</attwidth><atprecis Sync="TRUE">0</atprecis><attscale Sync="TRUE">0</attscale><attrdef Sync="TRUE">Internal feature number.</attrdef><attrdefs Sync="TRUE">Esri</attrdefs><attrdomv><udom Sync="TRUE">Sequential unique whole numbers that are automatically generated.</udom></attrdomv></attr><attr><attrlabl Sync="TRUE">Shape</attrlabl><attalias Sync="TRUE">Shape</attalias><attrtype Sync="TRUE">Geometry</attrtype><attwidth Sync="TRUE">0</attwidth><atprecis Sync="TRUE">0</atprecis><attscale Sync="TRUE">0</attscale><attrdef Sync="TRUE">Feature geometry.</attrdef><attrdefs Sync="TRUE">Esri</attrdefs><attrdomv><udom Sync="TRUE">Coordinates defining the features.</udom></attrdomv></attr><attr><attrlabl Sync="TRUE">FACTS_ID</attrlabl><attalias Sync="TRUE">FACTS_ID</attalias><attrtype Sync="TRUE">String</attrtype><attwidth Sync="TRUE">10</attwidth><atprecis Sync="TRUE">0</atprecis><attscale Sync="TRUE">0</attscale></attr><attr><attrlabl Sync="TRUE">POD_Name</attrlabl><attalias Sync="TRUE">POD_Name</attalias><attrtype Sync="TRUE">String</attrtype><attwidth Sync="TRUE">25</attwidth><atprecis Sync="TRUE">0</atprecis><attscale Sync="TRUE">0</attscale></attr><attr><attrlabl Sync="TRUE">Acres</attrlabl><attalias Sync="TRUE">Acres</attalias><attrtype Sync="TRUE">Double</attrtype><attwidth Sync="TRUE">19</attwidth><atprecis Sync="TRUE">0</atprecis><attscale Sync="TRUE">0</attscale></attr><attr><attrlabl Sync="TRUE">Priority</attrlabl><attalias Sync="TRUE">Priority</attalias><attrtype Sync="TRUE">String</attrtype><attwidth Sync="TRUE">8</attwidth><atprecis Sync="TRUE">0</atprecis><attscale Sync="TRUE">0</attscale></attr><attr><attrlabl Sync="TRUE">RAWS_ERC</attrlabl><attalias Sync="TRUE">RAWS_ERC</attalias><attrtype Sync="TRUE">String</attrtype><attwidth Sync="TRUE">25</attwidth><atprecis Sync="TRUE">0</atprecis><attscale Sync="TRUE">0</attscale></attr><attr><attrlabl Sync="TRUE">RAWS_Wind</attrlabl><attalias Sync="TRUE">RAWS_Wind</attalias><attrtype Sync="TRUE">String</attrtype><attwidth Sync="TRUE">25</attwidth><atprecis Sync="TRUE">0</atprecis><attscale Sync="TRUE">0</attscale></attr><attr><attrlabl Sync="TRUE">District</attrlabl><attalias Sync="TRUE">District</attalias><attrtype Sync="TRUE">String</attrtype><attwidth Sync="TRUE">8</attwidth><atprecis Sync="TRUE">0</atprecis><attscale Sync="TRUE">0</attscale></attr><attr><attrlabl Sync="TRUE">POD_Number</attrlabl><attalias Sync="TRUE">POD_Number</attalias><attrtype Sync="TRUE">String</attrtype><attwidth Sync="TRUE">10</attwidth><atprecis Sync="TRUE">0</atprecis><attscale Sync="TRUE">0</attscale></attr><attr><attrlabl Sync="TRUE">Shape_Leng</attrlabl><attalias Sync="TRUE">Shape_Leng</attalias><attrtype Sync="TRUE">Double</attrtype><attwidth Sync="TRUE">19</attwidth><atprecis Sync="TRUE">0</atprecis><attscale Sync="TRUE">0</attscale></attr><attr><attrlabl Sync="TRUE">Shape_Area</attrlabl><attalias Sync="TRUE">Shape_Area</attalias><attrtype Sync="TRUE">Double</attrtype><attwidth Sync="TRUE">19</attwidth><atprecis Sync="TRUE">0</atprecis><attscale Sync="TRUE">0</attscale><attrdef Sync="TRUE">Area of feature in internal units squared.</attrdef><attrdefs Sync="TRUE">Esri</attrdefs><attrdomv><udom Sync="TRUE">Positive real numbers that are automatically generated.</udom></attrdomv></attr><attr><attrlabl Sync="TRUE">Prescripti</attrlabl><attalias Sync="TRUE">Prescripti</attalias><attrtype Sync="TRUE">String</attrtype><attwidth Sync="TRUE">15</attwidth><atprecis Sync="TRUE">0</atprecis><attscale Sync="TRUE">0</attscale></attr><attr><attrlabl Sync="TRUE">Shape_Le_1</attrlabl><attalias Sync="TRUE">Shape_Le_1</attalias><attrtype Sync="TRUE">Double</attrtype><attwidth Sync="TRUE">19</attwidth><atprecis Sync="TRUE">0</atprecis><attscale Sync="TRUE">0</attscale></attr><attr><attrlabl Sync="TRUE">Notes</attrlabl><attalias Sync="TRUE">Notes</attalias><attrtype Sync="TRUE">String</attrtype><attwidth Sync="TRUE">50</attwidth><atprecis Sync="TRUE">0</atprecis><attscale Sync="TRUE">0</attscale></attr></detailed></eainfo><mdDateSt Sync="TRUE">20231012</mdDateSt></metadata>
